month,avg_monthly_sales,month_name,seasonality_index
1,170009.82333333333,Jan,1.009
2,178470.62333333332,Feb,1.059
3,172426.24666666667,Mar,1.023
4,158284.78000000003,Apr,0.939
5,168650.885,May,1.001
6,155450.435,Jun,0.923
7,167098.57,Jul,0.992
8,136595.315,Aug,0.811
9,148962.54499999998,Sep,0.884
10,176990.83000000002,Oct,1.05
11,187904.37,Nov,1.115
12,201100.58,Dec,1.194
